<?xml version="1.0" encoding="UTF-8" standalone="no"?>
<databaseChangeLog xmlns="http://www.liquibase.org/xml/ns/dbchangelog" xmlns:xsi="http://www.w3.org/2001/XMLSchema-instance"
    xsi:schemaLocation="http://www.liquibase.org/xml/ns/dbchangelog http://www.liquibase.org/xml/ns/dbchangelog/dbchangelog-3.1.xsd">

    <changeSet id="1" author="ghajba">
        <addColumn tableName="USER">
            <column name="SALT" type="VARCHAR(128)">
                <constraints nullable="false"/>
            </column>
        </addColumn>
        <modifyDataType tableName="USER" columnName="PASSWORD" newDataType="VARCHAR(128)"/>
    </changeSet>

</databaseChangeLog>